{
    "dataset": "uf3-3",
    "solutions": [
        [
            true,
            true,
            true
        ],
        [
            false,
            true,
            false
        ]
    ],
    "times": [
        0.009987800003727898,
        0.00914750000811182
    ],
    "total_time": 0.019135300011839718,
    "average_time": 0.009567650005919859,
    "median_time": 0.009987800003727898
}