{
    "dataset": "uf3-3",
    "solutions": [
        [
            false,
            false,
            false
        ],
        [
            false,
            false,
            false
        ]
    ],
    "times": [
        0.019011299998965114,
        0.017004400004225317
    ],
    "total_time": 0.03601570000319043,
    "average_time": 0.018007850001595216,
    "median_time": 0.019011299998965114
}