{
    "dataset": "uf3-3",
    "solutions": [
        [
            true,
            true,
            true
        ],
        [
            false,
            true,
            true
        ]
    ],
    "times": [
        0.0030049000051803887,
        0.0019453999993856996
    ],
    "total_time": 0.004950300004566088,
    "average_time": 0.002475150002283044,
    "median_time": 0.0030049000051803887
}